"store","websites","attribute_set","type","category_ids","sku","has_options","name","meta_title","meta_description","image","small_image","thumbnail","url_key","url_path","custom_design","page_layout","options_container","image_label","small_image_label","thumbnail_label","country_of_manufacture","msrp_enabled","msrp_display_actual_price_type","gift_message_available","price","special_price","cost","weight","msrp","status","is_recurring","visibility","tax_class_id","description","short_description","meta_keyword","custom_layout_update","special_from_date","special_to_date","news_from_date","news_to_date","custom_design_from","custom_design_to","qty","min_qty","use_config_min_qty","is_qty_decimal","backorders","use_config_backorders","min_sale_qty","use_config_min_sale_qty","max_sale_qty","use_config_max_sale_qty","is_in_stock","low_stock_date","notify_stock_qty","use_config_notify_stock_qty","manage_stock","use_config_manage_stock","stock_status_changed_auto","use_config_qty_increments","qty_increments","use_config_enable_qty_inc","enable_qty_increments","is_decimal_divided","stock_status_changed_automatically","use_config_enable_qty_increments","product_name","store_id","product_type_id","product_status_changed","product_changed_websites","website","_media_image","_media_lable","_media_position","_media_is_disabled"
"admin","base","Describe","simple","28,148","tshirt","1","T-Shirt","","","/r/o/round-neck-front.png","/r/o/round-neck-front.png","/r/o/round-neck-front.png","tshirt","tshirt.html","","No layout updates","Product Info Column","","",""," ","Use config","Use config","No","300.0000","","","0.0000","","Enabled","No","Catalog","None","T-Shirt","T-Shirt","","","","","","","","","0.0000","0.0000","1","0","0","1","1.0000","1","0.0000","1","0","2016-11-24 06:42:43","","1","0","0","1","1","0.0000","1","0","0","1","1","T-Shirt","0","simple","","","","","","",""
"admin","","","","","tshirt","","","","","","","","","","","","","","","","","","","","","","","","","","","","","","","","","","","","","","","","","","","","","","","","","","","","","","","","","","","","","","","","","","","","","/s/c/screen7.jpg","","3","0"
"admin","base","Describe","virtual","28,129,152,153","taxi-cab","1","Taxi/ Cab service","","","/c/h/cheap-car-rental.jpg","/c/h/cheap-car-rental.jpg","/c/h/cheap-car-rental.jpg","taxi-cab","taxi-cab.html","","No layout updates","Product Info Column","","","","","Use config","Use config","No","0.0000","","","","","Enabled","No","Catalog","None","Taxi/ Cab service","Taxi/ Cab service","","","","","","","","","0.0000","0.0000","1","0","0","1","1.0000","1","0.0000","1","0","2016-11-14 07:04:56","","1","0","0","1","1","0.0000","1","0","0","1","1","Taxi/ Cab service","0","virtual","","","","","","",""
"admin","base","Describe","simple","106,127,156","describe-iphone6-cover","0","iPhone6 Cover","","","/i/p/iph6deflsingle.png","/i/p/iph6deflsingle.png","/i/p/iph6deflsingle.png","iphone6-cover","iphone6-cover.html","","No layout updates","Product Info Column","","",""," ","Use config","Use config","No","0.0000","","","0.1000","","Disabled","No","Catalog","None",".",".","","","","","","","","","0.0000","0.0000","1","0","0","1","1.0000","1","0.0000","1","0","2016-12-20 04:57:45","","1","0","0","1","1","0.0000","1","0","0","1","1","iPhone6 Cover","0","simple","","","","","","",""
"admin","base","Describe","simple","106,127,156","describe-1plus2-cover","0","1plus 2 Cover","","","/m/r/mr-1plus2-cstmpntjb-x.jpg","/m/r/mr-1plus2-cstmpntjb-x.jpg","/m/r/mr-1plus2-cstmpntjb-x.jpg","1plus2-cover","1plus2-cover.html","","No layout updates","Product Info Column","","",""," ","Use config","Use config","No","350.0000","","","0.1000","","Disabled","No","Catalog","None",".",".","","","","","","","","","0.0000","0.0000","1","0","0","1","1.0000","1","0.0000","1","0","2016-11-19 17:00:15","","1","0","0","1","1","0.0000","1","0","0","1","1","1plus 2 Cover","0","simple","","","","","","",""
"admin","base","Describe","simple","107","describe-mug-7.5x3.5","0","Mug","","","/c/u/custom-personalized-mugs-simi-valley.jpg","/c/u/custom-personalized-mugs-simi-valley.jpg","/c/u/custom-personalized-mugs-simi-valley.jpg","mug","mug.html","","No layout updates","Product Info Column","","",""," ","Use config","Use config","No","250.0000","","","0.5000","","Enabled","No","Catalog","None",".",".","","","","","","","","","0.0000","0.0000","1","0","0","1","1.0000","1","0.0000","1","0","2016-11-12 04:56:47","","1","0","0","1","1","0.0000","1","0","0","1","1","Mug","0","simple","","","","","","",""
"admin","base","Describe","simple","126,158","3dobject","1","3D Object","","","/1/7/17_knot-02_4000x3000.jpg","/1/7/17_knot-02_4000x3000.jpg","/1/7/17_knot-02_4000x3000.jpg","3dobject","3dobject.html","","No layout updates","Product Info Column","","",""," ","Use config","Use config","No","0.0000","","","0.0000","","Enabled","No","Catalog","None",".",".","","","","","","","","","0.0000","0.0000","1","0","0","1","1.0000","1","0.0000","1","0","2016-11-10 05:51:38","","1","0","0","1","1","0.0000","1","0","0","1","1","3D Object","0","simple","","","","","","",""
"admin","base","Describe","simple","28,122","flex-banner","1","Flex Banner","","","/v/i/vinyl_banner.257224338.jpg","/v/i/vinyl_banner.257224338.jpg","/v/i/vinyl_banner.257224338.jpg","flex-banner","flex-banner.html","","No layout updates","Product Info Column","","",""," ","Use config","Use config","No","0.0000","","","0.0000","","Enabled","No","Catalog","None",".",".","","","","","","","","","0.0000","0.0000","1","0","0","1","1.0000","1","0.0000","1","0","2016-11-17 06:31:53","","1","0","0","1","1","0.0000","1","0","0","1","1","Flex Banner","0","simple","","","","","","",""
"admin","base","Describe","simple","28,147,148","describe-hoodie","1","Hoodie","","","/h/o/hoodie-front.png","/h/o/hoodie-front.png","/h/o/hoodie-front.png","hoodie","hoodie.html","","No layout updates","Product Info Column","","",""," ","Use config","Use config","No","300.0000","","","0.0000","","Enabled","No","Catalog","None","Hoodie","Hoodie","","","","","","","","","0.0000","0.0000","1","0","0","1","1.0000","1","0.0000","1","0","2016-11-24 05:33:59","","1","0","0","1","1","0.0000","1","0","0","1","1","Hoodie","0","simple","","","","","","",""
"admin","","","","","describe-hoodie","","","","","","","","","","","","","","","","","","","","","","","","","","","","","","","","","","","","","","","","","","","","","","","","","","","","","","","","","","","","","","","","","","","","","/s/c/screen7_1.jpg","","3","0"
"admin","base","Describe","simple","28,148","describe-polo-tshirt","1","Polo T-Shirt","","","/p/o/poloneck-front.png","/p/o/poloneck-front.png","/p/o/poloneck-front.png","polo-tshirt","polo-tshirt.html","","No layout updates","Product Info Column","","",""," ","Use config","Use config","No","300.0000","","","0.0000","","Enabled","No","Catalog","None","Polo T-Shirt","Polo T-Shirt","","","","","","","","","0.0000","0.0000","1","0","0","1","1.0000","1","0.0000","1","0","2016-11-24 05:38:19","","1","0","0","1","1","0.0000","1","0","0","1","1","Polo T-Shirt","0","simple","","","","","","",""
"admin","","","","","describe-polo-tshirt","","","","","","","","","","","","","","","","","","","","","","","","","","","","","","","","","","","","","","","","","","","","","","","","","","","","","","","","","","","","","","","","","","","","","/s/c/screen7_2.jpg","","3","0"
"admin","base","Describe","simple","28,148","describe-vneck-tshirt","1","Vneck T-Shirt","","","/v/-/v-neck-front.png","/v/-/v-neck-front.png","/v/-/v-neck-front.png","vneck-tshirt","vneck-tshirt.html","","No layout updates","Product Info Column","","",""," ","Use config","Use config","No","300.0000","","","0.0000","","Enabled","No","Catalog","None","Vneck T-Shirt","Vneck T-Shirt","","","","","","","","","0.0000","0.0000","1","0","0","1","1.0000","1","0.0000","1","0","2016-11-24 05:36:06","","1","0","0","1","1","0.0000","1","0","0","1","1","Vneck T-Shirt","0","simple","","","","","","",""
"admin","","","","","describe-vneck-tshirt","","","","","","","","","","","","","","","","","","","","","","","","","","","","","","","","","","","","","","","","","","","","","","","","","","","","","","","","","","","","","","","","","","","","","/s/c/screen7_3.jpg","","3","0"
"admin","base","Describe","simple","106,127,156","describe-iphone4-cover","0","Apple iPhone 4 Cover","","","/a/p/apple_iphone_4_img.png","/a/p/apple_iphone_4_img.png","/a/p/apple_iphone_4_img.png","iphone4-cover","iphone4-cover.html","","No layout updates","Product Info Column","","",""," ","Use config","Use config","No","0.0000","","","0.1000","","Enabled","No","Catalog","None",".",".","","","","","","","","","0.0000","0.0000","1","0","0","1","1.0000","1","0.0000","1","0","2016-12-20 04:57:20","","1","0","0","1","1","0.0000","1","0","0","1","1","Apple iPhone 4 Cover","0","simple","","","","","","",""
"admin","","","","","describe-iphone4-cover","","","","","","","","","","","","","","","","","","","","","","","","","","","","","","","","","","","","","","","","","","","","","","","","","","","","","","","","","","","","","","","","","","","","","/i/p/iph6deflsingle_2.png","","1","0"
"admin","base","Describe","simple","106,127,156","describe-iphone5-cover","0","Apple iPhone 5 Cover","","","/a/p/apple_iphone_5_img.png","/a/p/apple_iphone_5_img.png","/a/p/apple_iphone_5_img.png","iphone5-cover","iphone5-cover.html","","No layout updates","Product Info Column","","",""," ","Use config","Use config","No","0.0000","","","0.1000","","Enabled","No","Catalog","None",".",".","","","","","","","","","0.0000","0.0000","1","0","0","1","1.0000","1","0.0000","1","0","2016-12-20 04:56:44","","1","0","0","1","1","0.0000","1","0","0","1","1","Apple iPhone 5 Cover","0","simple","","","","","","",""
"admin","","","","","describe-iphone5-cover","","","","","","","","","","","","","","","","","","","","","","","","","","","","","","","","","","","","","","","","","","","","","","","","","","","","","","","","","","","","","","","","","","","","","/i/p/iph6deflsingle_2_1.png","","1","0"
"admin","base","Describe","simple","106,127,156","describe-iphone5c-cover","0","Apple iPhone 5C Cover","","","/a/p/apple_iphone_5c_img.png","/a/p/apple_iphone_5c_img.png","/a/p/apple_iphone_5c_img.png","iphone5c-cover","iphone5c-cover.html","","No layout updates","Product Info Column","","",""," ","Use config","Use config","No","0.0000","","","0.1000","","Enabled","No","Catalog","None",".",".","","","","","","","","","0.0000","0.0000","1","0","0","1","1.0000","1","0.0000","1","0","2016-12-20 04:55:49","","1","0","0","1","1","0.0000","1","0","0","1","1","Apple iPhone 5C Cover","0","simple","","","","","","",""
"admin","","","","","describe-iphone5c-cover","","","","","","","","","","","","","","","","","","","","","","","","","","","","","","","","","","","","","","","","","","","","","","","","","","","","","","","","","","","","","","","","","","","","","/i/p/iph6deflsingle_2_1_1.png","","1","0"
"admin","base","Describe","simple","106,127,156","describe-appleiphone6-cover","0","Apple iPhone 6 Cover","","","/a/p/apple_iphone_6_img.png","/a/p/apple_iphone_6_img.png","/a/p/apple_iphone_6_img.png","iphone6-cover","iphone6-cover-104.html","","No layout updates","Product Info Column","","",""," ","Use config","Use config","No","0.0000","","","0.1000","","Enabled","No","Catalog","None",".",".","","","","","","","","","0.0000","0.0000","1","0","0","1","1.0000","1","0.0000","1","0","2016-12-20 04:54:57","","1","0","0","1","1","0.0000","1","0","0","1","1","Apple iPhone 6 Cover","0","simple","","","","","","",""
"admin","","","","","describe-appleiphone6-cover","","","","","","","","","","","","","","","","","","","","","","","","","","","","","","","","","","","","","","","","","","","","","","","","","","","","","","","","","","","","","","","","","","","","","/i/p/iph6deflsingle_2_1_1_1.png","","1","0"
"admin","base","Describe","simple","106,127,156","describe-asuszenfone2-cover","0","Asus Zenfone 2 Cover","","","/a/s/asus_zenfone_2_img.png","/a/s/asus_zenfone_2_img.png","/a/s/asus_zenfone_2_img.png","asuszenfone2-cover","asuszenfone2-cover.html","","No layout updates","Product Info Column","","",""," ","Use config","Use config","No","0.0000","","","0.1000","","Enabled","No","Catalog","None",".",".","","","","","","","","","0.0000","0.0000","1","0","0","1","1.0000","1","0.0000","1","0","2016-11-22 04:01:49","","1","0","0","1","1","0.0000","1","0","0","1","1","Asus Zenfone 2 Cover","0","simple","","","","","","",""
"admin","","","","","describe-asuszenfone2-cover","","","","","","","","","","","","","","","","","","","","","","","","","","","","","","","","","","","","","","","","","","","","","","","","","","","","","","","","","","","","","","","","","","","","","/p/r/profile.jpg","","2","0"
"admin","base","Describe","simple","106,127,156","describe-asuszenphone5-cover","0","Asus Zenfone 5 Cover","","","/a/s/asus_zenfone_5_img.png","/a/s/asus_zenfone_5_img.png","/a/s/asus_zenfone_5_img.png","asuszenphone5-cover","asuszenphone5-cover.html","","No layout updates","Product Info Column","","",""," ","Use config","Use config","No","0.0000","","","0.1000","","Enabled","No","Catalog","None",".",".","","","","","","","","","0.0000","0.0000","1","0","0","1","1.0000","1","0.0000","1","0","2016-11-22 04:01:25","","1","0","0","1","1","0.0000","1","0","0","1","1","Asus Zenfone 5 Cover","0","simple","","","","","","",""
"admin","","","","","describe-asuszenphone5-cover","","","","","","","","","","","","","","","","","","","","","","","","","","","","","","","","","","","","","","","","","","","","","","","","","","","","","","","","","","","","","","","","","","","","","/i/p/iph6deflsingle_2_1_1_3.png","","1","0"
"admin","base","Describe","simple","106,127,156","describe-googlenexus5-cover","0","Google Nexus 5 Cover","","","/g/o/google_nexus_5_img.png","/g/o/google_nexus_5_img.png","/g/o/google_nexus_5_img.png","googlenexus5-cover","googlenexus5-cover.html","","No layout updates","Product Info Column","","",""," ","Use config","Use config","No","0.0000","","","0.1000","","Enabled","No","Catalog","None",".",".","","","","","","","","","0.0000","0.0000","1","0","0","1","1.0000","1","0.0000","1","0","2016-11-22 04:01:04","","1","0","0","1","1","0.0000","1","0","0","1","1","Google Nexus 5 Cover","0","simple","","","","","","",""
"admin","","","","","describe-googlenexus5-cover","","","","","","","","","","","","","","","","","","","","","","","","","","","","","","","","","","","","","","","","","","","","","","","","","","","","","","","","","","","","","","","","","","","","","/i/p/iph6deflsingle_2_1_1_3_1.png","","1","0"
"admin","base","Describe","simple","106,127,156","describe-googlenexus5x-cover","0","Google Nexus 5X Cover","","","/g/o/google_nexus_5x_img.png","/g/o/google_nexus_5x_img.png","/g/o/google_nexus_5x_img.png","googlenexus5x-cover","googlenexus5x-cover.html","","No layout updates","Product Info Column","","",""," ","Use config","Use config","No","0.0000","","","0.1000","","Enabled","No","Catalog","None",".",".","","","","","","","","","0.0000","0.0000","1","0","0","1","1.0000","1","0.0000","1","0","2016-11-22 04:00:43","","1","0","0","1","1","0.0000","1","0","0","1","1","Google Nexus 5X Cover","0","simple","","","","","","",""
"admin","","","","","describe-googlenexus5x-cover","","","","","","","","","","","","","","","","","","","","","","","","","","","","","","","","","","","","","","","","","","","","","","","","","","","","","","","","","","","","","","","","","","","","","/i/p/iph6deflsingle_2_1_1_3_1_1.png","","1","0"
"admin","base","Describe","simple","106,127,156","describe-googlenexus6-cover","0","Google Nexus 6 Cover","","","/g/o/google_nexus_6_img.png","/g/o/google_nexus_6_img.png","/g/o/google_nexus_6_img.png","googlenexus6-cover","googlenexus6-cover.html","","No layout updates","Product Info Column","","",""," ","Use config","Use config","No","0.0000","","","0.1000","","Enabled","No","Catalog","None",".",".","","","","","","","","","0.0000","0.0000","1","0","0","1","1.0000","1","0.0000","1","0","2016-11-22 04:00:26","","1","0","0","1","1","0.0000","1","0","0","1","1","Google Nexus 6 Cover","0","simple","","","","","","",""
"admin","","","","","describe-googlenexus6-cover","","","","","","","","","","","","","","","","","","","","","","","","","","","","","","","","","","","","","","","","","","","","","","","","","","","","","","","","","","","","","","","","","","","","","/i/p/iph6deflsingle_2_1_1_3_1_1_1.png","","1","0"
"admin","base","Describe","simple","106,127,156","describe-htc816-cover","0","HTC 816 Cover","","","/h/t/htc_816_img_1.png","/h/t/htc_816_img_1.png","/h/t/htc_816_img_1.png","htc816-cover","htc816-cover.html","","No layout updates","Product Info Column","","",""," ","Use config","Use config","No","0.0000","","","0.1000","","Enabled","No","Catalog","None",".",".","","","","","","","","","0.0000","0.0000","1","0","0","1","1.0000","1","0.0000","1","0","2016-11-22 04:00:12","","1","0","0","1","1","0.0000","1","0","0","1","1","HTC 816 Cover","0","simple","","","","","","",""
"admin","","","","","describe-htc816-cover","","","","","","","","","","","","","","","","","","","","","","","","","","","","","","","","","","","","","","","","","","","","","","","","","","","","","","","","","","","","","","","","","","","","","/i/p/iph6deflsingle_2_1_1_3_1_1_1_1.png","","1","0"
"admin","base","Describe","simple","106,127,156","describe-htc820-cover","0","HTC 820 Cover","","","/h/t/htc_820_img.png","/h/t/htc_820_img.png","/h/t/htc_820_img.png","htc820-cover","htc820-cover.html","","No layout updates","Product Info Column","","",""," ","Use config","Use config","No","0.0000","","","0.1000","","Enabled","No","Catalog","None",".",".","","","","","","","","","0.0000","0.0000","1","0","0","1","1.0000","1","0.0000","1","0","2016-11-22 03:59:58","","1","0","0","1","1","0.0000","1","0","0","1","1","HTC 820 Cover","0","simple","","","","","","",""
"admin","","","","","describe-htc820-cover","","","","","","","","","","","","","","","","","","","","","","","","","","","","","","","","","","","","","","","","","","","","","","","","","","","","","","","","","","","","","","","","","","","","","/i/p/iph6deflsingle_2_1_1_3_1_1_1_1_1.png","","1","0"
"admin","base","Describe","simple","106,127,156","describe-lenovoa6000-cover","0","Lenovo A6000 Cover","","","/l/e/lenovo_a6000_img.png","/l/e/lenovo_a6000_img.png","/l/e/lenovo_a6000_img.png","lenovoa6000-cover","lenovoa6000-cover.html","","No layout updates","Product Info Column","","",""," ","Use config","Use config","No","0.0000","","","0.1000","","Enabled","No","Catalog","None",".",".","","","","","","","","","0.0000","0.0000","1","0","0","1","1.0000","1","0.0000","1","0","2016-11-22 03:59:44","","1","1","0","1","1","0.0000","1","0","0","1","1","Lenovo A6000 Cover","0","simple","","","","","","",""
"admin","","","","","describe-lenovoa6000-cover","","","","","","","","","","","","","","","","","","","","","","","","","","","","","","","","","","","","","","","","","","","","","","","","","","","","","","","","","","","","","","","","","","","","","/i/p/iph6deflsingle_2_1_1_3_1_1_1_1_1_1.png","","1","0"
"admin","base","Describe","simple","106,127,156","describe-lenovoa7000-cover","0","Lenovo A7000 Cover","","","/l/e/lenovo_a7000_img.png","/l/e/lenovo_a7000_img.png","/l/e/lenovo_a7000_img.png","lenovoa7000-cover","lenovoa7000-cover.html","","No layout updates","Product Info Column","","",""," ","Use config","Use config","No","0.0000","","","0.1000","","Enabled","No","Catalog","None",".",".","","","","","","","","","0.0000","0.0000","1","0","0","1","1.0000","1","0.0000","1","0","2016-11-22 03:59:26","","1","0","0","1","1","0.0000","1","0","0","1","1","Lenovo A7000 Cover","0","simple","","","","","","",""
"admin","","","","","describe-lenovoa7000-cover","","","","","","","","","","","","","","","","","","","","","","","","","","","","","","","","","","","","","","","","","","","","","","","","","","","","","","","","","","","","","","","","","","","","","/i/p/iph6deflsingle_2_1_1_3_1_1_1_1_1_1_1.png","","1","0"
"admin","base","Describe","simple","106,127,156","describe-lenovok3note-cover","0","Lenovo K3 Note Cover","","","/l/e/lenovo_k3_note_img.png","/l/e/lenovo_k3_note_img.png","/l/e/lenovo_k3_note_img.png","lenovok3note-cover","lenovok3note-cover.html","","No layout updates","Product Info Column","","",""," ","Use config","Use config","No","0.0000","","","0.1000","","Enabled","No","Catalog","None",".",".","","","","","","","","","0.0000","0.0000","1","0","0","1","1.0000","1","0.0000","1","0","2016-11-22 03:59:10","","1","0","0","1","1","0.0000","1","0","0","1","1","Lenovo K3 Note Cover","0","simple","","","","","","",""
"admin","","","","","describe-lenovok3note-cover","","","","","","","","","","","","","","","","","","","","","","","","","","","","","","","","","","","","","","","","","","","","","","","","","","","","","","","","","","","","","","","","","","","","","/i/p/iph6deflsingle_2_1_1_3_1_1_1_1_1_1_1_1.png","","1","0"
"admin","base","Describe","simple","106,127,156","describe-lenovok4note-cover","0","Lenovo K4 Note Cover","","","/l/e/lenovo_k4_note_img.png","/l/e/lenovo_k4_note_img.png","/l/e/lenovo_k4_note_img.png","lenovok4note-cover","lenovok4note-cover.html","","No layout updates","Product Info Column","","",""," ","Use config","Use config","No","0.0000","","","0.1000","","Enabled","No","Catalog","None",".",".","","","","","","","","","0.0000","0.0000","1","0","0","1","1.0000","1","0.0000","1","0","2016-11-22 03:58:18","","1","0","0","1","1","0.0000","1","0","0","1","1","Lenovo K4 Note Cover","0","simple","","","","","","",""
"admin","","","","","describe-lenovok4note-cover","","","","","","","","","","","","","","","","","","","","","","","","","","","","","","","","","","","","","","","","","","","","","","","","","","","","","","","","","","","","","","","","","","","","","/i/p/iph6deflsingle_2_1_1_3_1_1_1_1_1_1_1_1_1.png","","1","0"
"admin","base","Describe","simple","106,127,156","describe-lenovok5note-cover","0","Lenovo K5 Note Cover","","","/l/e/lenovo_k5_note_img.png","/l/e/lenovo_k5_note_img.png","/l/e/lenovo_k5_note_img.png","lenovok5note-cover","lenovok5note-cover.html","","No layout updates","Product Info Column","","",""," ","Use config","Use config","No","0.0000","","","0.1000","","Enabled","No","Catalog","None",".",".","","","","","","","","","0.0000","0.0000","1","0","0","1","1.0000","1","0.0000","1","0","2016-11-22 03:58:01","","1","0","0","1","1","0.0000","1","0","0","1","1","Lenovo K5 Note Cover","0","simple","","","","","","",""
"admin","","","","","describe-lenovok5note-cover","","","","","","","","","","","","","","","","","","","","","","","","","","","","","","","","","","","","","","","","","","","","","","","","","","","","","","","","","","","","","","","","","","","","","/i/p/iph6deflsingle_2_1_1_3_1_1_1_1_1_1_1_1_1_1.png","","1","0"
"admin","base","Describe","simple","106,127,156","describe-lenovok5plusvibe-cover","0","Lenovo K5 Plus Vibe Cover","","","/l/e/lenovo_k5_plus_vibe_img.png","/l/e/lenovo_k5_plus_vibe_img.png","/l/e/lenovo_k5_plus_vibe_img.png","lenovok5plusvibe-cover","lenovok5plusvibe-cover.html","","No layout updates","Product Info Column","","",""," ","Use config","Use config","No","0.0000","","","0.1000","","Enabled","No","Catalog","None",".",".","","","","","","","","","0.0000","0.0000","1","0","0","1","1.0000","1","0.0000","1","0","2016-11-22 03:57:40","","1","0","0","1","1","0.0000","1","0","0","1","1","Lenovo K5 Plus Vibe Cover","0","simple","","","","","","",""
"admin","","","","","describe-lenovok5plusvibe-cover","","","","","","","","","","","","","","","","","","","","","","","","","","","","","","","","","","","","","","","","","","","","","","","","","","","","","","","","","","","","","","","","","","","","","/i/p/iph6deflsingle_2_1_1_3_1_1_1_1_1_1_1_1_1_1_1.png","","1","0"
"admin","base","Describe","simple","106,127,156","describe-lgg4-cover","0","LG G4 Cover","","","/l/g/lg_g4_img.png","/l/g/lg_g4_img.png","/l/g/lg_g4_img.png","lgg4-cover","lgg4-cover.html","","No layout updates","Product Info Column","","",""," ","Use config","Use config","No","0.0000","","","0.1000","","Enabled","No","Catalog","None",".",".","","","","","","","","","0.0000","0.0000","1","0","0","1","1.0000","1","0.0000","1","0","2016-11-22 03:57:21","","1","0","0","1","1","0.0000","1","0","0","1","1","LG G4 Cover","0","simple","","","","","","",""
"admin","","","","","describe-lgg4-cover","","","","","","","","","","","","","","","","","","","","","","","","","","","","","","","","","","","","","","","","","","","","","","","","","","","","","","","","","","","","","","","","","","","","","/i/p/iph6deflsingle_2_1_1_3_1_1_1_1_1_1_1_1_1_1_1_1.png","","1","0"
"admin","base","Describe","simple","106,127,156","describe-lgg5-cover","0","LG G5 Cover","","","/l/g/lg_g5_img.png","/l/g/lg_g5_img.png","/l/g/lg_g5_img.png","lgg5-cover","lgg5-cover.html","","No layout updates","Product Info Column","","",""," ","Use config","Use config","No","0.0000","","","0.1000","","Enabled","No","Catalog","None",".",".","","","","","","","","","0.0000","0.0000","1","0","0","1","1.0000","1","0.0000","1","0","2016-11-22 03:57:06","","1","0","0","1","1","0.0000","1","0","0","1","1","LG G5 Cover","0","simple","","","","","","",""
"admin","","","","","describe-lgg5-cover","","","","","","","","","","","","","","","","","","","","","","","","","","","","","","","","","","","","","","","","","","","","","","","","","","","","","","","","","","","","","","","","","","","","","/i/p/iph6deflsingle_2_1_1_3_1_1_1_1_1_1_1_1_1_1_1_1_1.png","","1","0"
"admin","base","Describe","simple","106,127,156","describe-motoe-cover","0","Moto E Cover","","","/m/o/moto_e_img.png","/m/o/moto_e_img.png","/m/o/moto_e_img.png","motoe-cover","motoe-cover.html","","No layout updates","Product Info Column","","",""," ","Use config","Use config","No","0.0000","","","0.1000","","Enabled","No","Catalog","None",".",".","","","","","","","","","0.0000","0.0000","1","0","0","1","1.0000","1","0.0000","1","0","2016-11-22 03:56:35","","1","0","0","1","1","0.0000","1","0","0","1","1","Moto E Cover","0","simple","","","","","","",""
"admin","","","","","describe-motoe-cover","","","","","","","","","","","","","","","","","","","","","","","","","","","","","","","","","","","","","","","","","","","","","","","","","","","","","","","","","","","","","","","","","","","","","/i/p/iph6deflsingle_2_1_1_3_1_1_1_1_1_1_1_1_1_1_1_1_1_1.png","","1","0"
"admin","base","Describe","simple","106,127,156","describe-motoe2-cover","0","Moto E2 Cover","","","/m/o/moto_e2_img.png","/m/o/moto_e2_img.png","/m/o/moto_e2_img.png","motoe2-cover","motoe2-cover.html","","No layout updates","Product Info Column","","",""," ","Use config","Use config","No","0.0000","","","0.1000","","Enabled","No","Catalog","None",".",".","","","","","","","","","0.0000","0.0000","1","0","0","1","1.0000","1","0.0000","1","0","2016-11-22 03:56:22","","1","0","0","1","1","0.0000","1","0","0","1","1","Moto E2 Cover","0","simple","","","","","","",""
"admin","","","","","describe-motoe2-cover","","","","","","","","","","","","","","","","","","","","","","","","","","","","","","","","","","","","","","","","","","","","","","","","","","","","","","","","","","","","","","","","","","","","","/i/p/iph6deflsingle_2_1_1_3_1_1_1_1_1_1_1_1_1_1_1_1_1_1_1.png","","1","0"
"admin","base","Describe","simple","106,127,156","describe-motog-cover","0","Moto G Cover","","","/m/o/moto_g_img.png","/m/o/moto_g_img.png","/m/o/moto_g_img.png","motog-cover","motog-cover.html","","No layout updates","Product Info Column","","",""," ","Use config","Use config","No","0.0000","","","0.1000","","Enabled","No","Catalog","None",".",".","","","","","","","","","0.0000","0.0000","1","0","0","1","1.0000","1","0.0000","1","0","2016-11-22 03:56:09","","1","0","0","1","1","0.0000","1","0","0","1","1","Moto G Cover","0","simple","","","","","","",""
"admin","","","","","describe-motog-cover","","","","","","","","","","","","","","","","","","","","","","","","","","","","","","","","","","","","","","","","","","","","","","","","","","","","","","","","","","","","","","","","","","","","","/i/p/iph6deflsingle_2_1_1_3_1_1_1_1_1_1_1_1_1_1_1_1_1_1_1_1.png","","1","0"
"admin","base","Describe","simple","106,127,156","describe-motog2-cover","0","Moto G2 Cover","","","/m/o/moto_g2_img.png","/m/o/moto_g2_img.png","/m/o/moto_g2_img.png","motog2-cover","motog2-cover.html","","No layout updates","Product Info Column","","",""," ","Use config","Use config","No","0.0000","","","0.1000","","Enabled","No","Catalog","None",".",".","","","","","","","","","0.0000","0.0000","1","0","0","1","1.0000","1","0.0000","1","0","2016-11-22 03:55:58","","1","0","0","1","1","0.0000","1","0","0","1","1","Moto G2 Cover","0","simple","","","","","","",""
"admin","","","","","describe-motog2-cover","","","","","","","","","","","","","","","","","","","","","","","","","","","","","","","","","","","","","","","","","","","","","","","","","","","","","","","","","","","","","","","","","","","","","/i/p/iph6deflsingle_2_1_1_3_1_1_1_1_1_1_1_1_1_1_1_1_1_1_1_1_1.png","","1","0"
"admin","base","Describe","simple","106,127,156","describe-motog3-cover","0","Moto G3 Cover","","","/m/o/moto_g3_img.png","/m/o/moto_g3_img.png","/m/o/moto_g3_img.png","motog3-cover","motog3-cover.html","","No layout updates","Product Info Column","","",""," ","Use config","Use config","No","0.0000","","","0.1000","","Enabled","No","Catalog","None",".",".","","","","","","","","","0.0000","0.0000","1","0","0","1","1.0000","1","0.0000","1","0","2016-11-22 03:55:44","","1","0","0","1","1","0.0000","1","0","0","1","1","Moto G3 Cover","0","simple","","","","","","",""
"admin","","","","","describe-motog3-cover","","","","","","","","","","","","","","","","","","","","","","","","","","","","","","","","","","","","","","","","","","","","","","","","","","","","","","","","","","","","","","","","","","","","","/i/p/iph6deflsingle_2_1_1_3_1_1_1_1_1_1_1_1_1_1_1_1_1_1_1_1_1_1.png","","1","0"
"admin","base","Describe","simple","106,127,156","describe-motog4-cover","0","Moto G4 Cover","","","/m/o/moto_g4_img.png","/m/o/moto_g4_img.png","/m/o/moto_g4_img.png","motog4-cover","motog4-cover.html","","No layout updates","Product Info Column","","",""," ","Use config","Use config","No","0.0000","","","0.1000","","Enabled","No","Catalog","None",".",".","","","","","","","","","0.0000","0.0000","1","0","0","1","1.0000","1","0.0000","1","0","2016-11-22 03:55:31","","1","0","0","1","1","0.0000","1","0","0","1","1","Moto G4 Cover","0","simple","","","","","","",""
"admin","","","","","describe-motog4-cover","","","","","","","","","","","","","","","","","","","","","","","","","","","","","","","","","","","","","","","","","","","","","","","","","","","","","","","","","","","","","","","","","","","","","/i/p/iph6deflsingle_2_1_1_3_1_1_1_1_1_1_1_1_1_1_1_1_1_1_1_1_1_1_1.png","","1","0"
"admin","base","Describe","simple","106,127,156","describe-motoxplay-cover","0","Moto X Play Cover","","","/m/o/moto_x_play_img.png","/m/o/moto_x_play_img.png","/m/o/moto_x_play_img.png","motoxplay-cover","motoxplay-cover.html","","No layout updates","Product Info Column","","",""," ","Use config","Use config","No","0.0000","","","0.1000","","Enabled","No","Catalog","None",".",".","","","","","","","","","0.0000","0.0000","1","0","0","1","1.0000","1","0.0000","1","0","2016-11-22 03:54:06","","1","0","0","1","1","0.0000","1","0","0","1","1","Moto X Play Cover","0","simple","","","","","","",""
"admin","","","","","describe-motoxplay-cover","","","","","","","","","","","","","","","","","","","","","","","","","","","","","","","","","","","","","","","","","","","","","","","","","","","","","","","","","","","","","","","","","","","","","/i/p/iph6deflsingle_2_1_1_3_1_1_1_1_1_1_1_1_1_1_1_1_1_1_1_1_1_1_1_1.png","","1","0"
"admin","base","Describe","simple","106,127,156","describe-motox-cover","0","Moto X Cover","","","/m/o/moto_x_img.png","/m/o/moto_x_img.png","/m/o/moto_x_img.png","motox-cover","motox-cover.html","","No layout updates","Product Info Column","","",""," ","Use config","Use config","No","0.0000","","","0.1000","","Enabled","No","Catalog","None",".",".","","","","","","","","","0.0000","0.0000","1","0","0","1","1.0000","1","0.0000","1","0","2016-11-22 03:53:42","","1","0","0","1","1","0.0000","1","0","0","1","1","Moto X Cover","0","simple","","","","","","",""
"admin","","","","","describe-motox-cover","","","","","","","","","","","","","","","","","","","","","","","","","","","","","","","","","","","","","","","","","","","","","","","","","","","","","","","","","","","","","","","","","","","","","/i/p/iph6deflsingle_2_1_1_3_1_1_1_1_1_1_1_1_1_1_1_1_1_1_1_1_1_1_1_1_1.png","","1","0"
"admin","base","Describe","simple","106,127,156","describe-motox2-cover","0","Moto X2 Cover","","","/m/o/moto_x2_img.png","/m/o/moto_x2_img.png","/m/o/moto_x2_img.png","motox2-cover","motox2-cover.html","","No layout updates","Product Info Column","","",""," ","Use config","Use config","No","0.0000","","","0.1000","","Enabled","No","Catalog","None",".",".","","","","","","","","","0.0000","0.0000","1","0","0","1","1.0000","1","0.0000","1","0","2016-11-22 03:53:25","","1","0","0","1","1","0.0000","1","0","0","1","1","Moto X2 Cover","0","simple","","","","","","",""
"admin","","","","","describe-motox2-cover","","","","","","","","","","","","","","","","","","","","","","","","","","","","","","","","","","","","","","","","","","","","","","","","","","","","","","","","","","","","","","","","","","","","","/i/p/iph6deflsingle_2_1_1_3_1_1_1_1_1_1_1_1_1_1_1_1_1_1_1_1_1_1_1_1_1_1.png","","1","0"
"admin","base","Describe","simple","106,127,156","describe-oneplusone-cover","0","Oneplus One Cover","","","/o/n/oneplus_one_img.png","/o/n/oneplus_one_img.png","/o/n/oneplus_one_img.png","oneplusone-cover","oneplusone-cover.html","","No layout updates","Product Info Column","","",""," ","Use config","Use config","No","0.0000","","","0.1000","","Enabled","No","Catalog","None",".",".","","","","","","","","","0.0000","0.0000","1","0","0","1","1.0000","1","0.0000","1","0","2016-11-22 03:53:08","","1","0","0","1","1","0.0000","1","0","0","1","1","Oneplus One Cover","0","simple","","","","","","",""
"admin","","","","","describe-oneplusone-cover","","","","","","","","","","","","","","","","","","","","","","","","","","","","","","","","","","","","","","","","","","","","","","","","","","","","","","","","","","","","","","","","","","","","","/i/p/iph6deflsingle_2_1_1_3_1_1_1_1_1_1_1_1_1_1_1_1_1_1_1_1_1_1_1_1_1_1_1.png","","1","0"
"admin","base","Describe","simple","106,127,156","describe-oneplusthree-cover","0","Oneplus Three Cover","","","/o/n/oneplus_three_img.png","/o/n/oneplus_three_img.png","/o/n/oneplus_three_img.png","oneplusthree-cover","oneplusthree-cover.html","","No layout updates","Product Info Column","","",""," ","Use config","Use config","No","0.0000","","","0.1000","","Enabled","No","Catalog","None",".",".","","","","","","","","","0.0000","0.0000","1","0","0","1","1.0000","1","0.0000","1","0","2016-11-22 03:52:56","","1","0","0","1","1","0.0000","1","0","0","1","1","Oneplus Three Cover","0","simple","","","","","","",""
"admin","","","","","describe-oneplusthree-cover","","","","","","","","","","","","","","","","","","","","","","","","","","","","","","","","","","","","","","","","","","","","","","","","","","","","","","","","","","","","","","","","","","","","","/i/p/iph6deflsingle_2_1_1_3_1_1_1_1_1_1_1_1_1_1_1_1_1_1_1_1_1_1_1_1_1_1_1_1.png","","1","0"
"admin","base","Describe","simple","106,127,156","describe-oneplustwo-cover","0","Oneplus Two Cover","","","/o/n/oneplus_two_img.png","/o/n/oneplus_two_img.png","/o/n/oneplus_two_img.png","oneplustwo-cover","oneplustwo-cover.html","","No layout updates","Product Info Column","","",""," ","Use config","Use config","No","0.0000","","","0.1000","","Enabled","No","Catalog","None",".",".","","","","","","","","","0.0000","0.0000","1","0","0","1","1.0000","1","0.0000","1","0","2016-11-22 03:52:39","","1","0","0","1","1","0.0000","1","0","0","1","1","Oneplus Two Cover","0","simple","","","","","","",""
"admin","","","","","describe-oneplustwo-cover","","","","","","","","","","","","","","","","","","","","","","","","","","","","","","","","","","","","","","","","","","","","","","","","","","","","","","","","","","","","","","","","","","","","","/i/p/iph6deflsingle_2_1_1_3_1_1_1_1_1_1_1_1_1_1_1_1_1_1_1_1_1_1_1_1_1_1_1_1_1.png","","1","0"
"admin","base","Describe","simple","106,127,156","describe-oneplusx-cover","0","Oneplus X Cover","","","/o/n/oneplus_x_img.png","/o/n/oneplus_x_img.png","/o/n/oneplus_x_img.png","oneplusx-cover","oneplusx-cover.html","","No layout updates","Product Info Column","","",""," ","Use config","Use config","No","0.0000","","","0.1000","","Enabled","No","Catalog","None",".",".","","","","","","","","","0.0000","0.0000","1","0","0","1","1.0000","1","0.0000","1","0","2016-11-22 03:52:21","","1","0","0","1","1","0.0000","1","0","0","1","1","Oneplus X Cover","0","simple","","","","","","",""
"admin","","","","","describe-oneplusx-cover","","","","","","","","","","","","","","","","","","","","","","","","","","","","","","","","","","","","","","","","","","","","","","","","","","","","","","","","","","","","","","","","","","","","","/i/p/iph6deflsingle_2_1_1_3_1_1_1_1_1_1_1_1_1_1_1_1_1_1_1_1_1_1_1_1_1_1_1_1_1_1.png","","1","0"
"admin","base","Describe","simple","106,127,156","describe-samsunga52016-cover","0","Samsung A5 2016 Cover","","","/s/a/samsung_a5_2016_img.png","/s/a/samsung_a5_2016_img.png","/s/a/samsung_a5_2016_img.png","samsunga52016-cover","samsunga52016-cover.html","","No layout updates","Product Info Column","","",""," ","Use config","Use config","No","0.0000","","","0.1000","","Enabled","No","Catalog","None",".",".","","","","","","","","","0.0000","0.0000","1","0","0","1","1.0000","1","0.0000","1","0","2016-11-22 03:51:00","","1","0","0","1","1","0.0000","1","0","0","1","1","Samsung A5 2016 Cover","0","simple","","","","","","",""
"admin","","","","","describe-samsunga52016-cover","","","","","","","","","","","","","","","","","","","","","","","","","","","","","","","","","","","","","","","","","","","","","","","","","","","","","","","","","","","","","","","","","","","","","/i/p/iph6deflsingle_2_1_1_3_1_1_1_1_1_1_1_1_1_1_1_1_1_1_1_1_1_1_1_1_1_1_1_1_1_1_1.png","","1","0"
"admin","base","Describe","simple","106,127,156","describe-samsunga5-cover","0","Samsung A5 Cover","","","/s/a/samsung_a5_img.png","/s/a/samsung_a5_img.png","/s/a/samsung_a5_img.png","samsunga5-cover","samsunga5-cover.html","","No layout updates","Product Info Column","","",""," ","Use config","Use config","No","0.0000","","","0.1000","","Enabled","No","Catalog","None",".",".","","","","","","","","","0.0000","0.0000","1","0","0","1","1.0000","1","0.0000","1","0","2016-11-22 03:50:37","","1","0","0","1","1","0.0000","1","0","0","1","1","Samsung A5 Cover","0","simple","","","","","","",""
"admin","","","","","describe-samsunga5-cover","","","","","","","","","","","","","","","","","","","","","","","","","","","","","","","","","","","","","","","","","","","","","","","","","","","","","","","","","","","","","","","","","","","","","/i/p/iph6deflsingle_2_1_1_3_1_1_1_1_1_1_1_1_1_1_1_1_1_1_1_1_1_1_1_1_1_1_1_1_1_1_1_1.png","","1","0"
"admin","base","Describe","simple","106,127,156","describe-samsunga7-cover","0","Samsung A7 Cover","","","/s/a/samsung_a7_img.png","/s/a/samsung_a7_img.png","/s/a/samsung_a7_img.png","samsunga7-cover","samsunga7-cover.html","","No layout updates","Product Info Column","","",""," ","Use config","Use config","No","0.0000","","","0.1000","","Enabled","No","Catalog","None",".",".","","","","","","","","","0.0000","0.0000","1","0","0","1","1.0000","1","0.0000","1","0","2016-11-22 03:50:22","","1","0","0","1","1","0.0000","1","0","0","1","1","Samsung A7 Cover","0","simple","","","","","","",""
"admin","","","","","describe-samsunga7-cover","","","","","","","","","","","","","","","","","","","","","","","","","","","","","","","","","","","","","","","","","","","","","","","","","","","","","","","","","","","","","","","","","","","","","/i/p/iph6deflsingle_2_1_1_3_1_1_1_1_1_1_1_1_1_1_1_1_1_1_1_1_1_1_1_1_1_1_1_1_1_1_1_1_1.png","","1","0"
"admin","base","Describe","simple","106,127,156","describe-samsunga8-cover","0","Samsung A8 Cover","","","/s/a/samsung_a8_img.png","/s/a/samsung_a8_img.png","/s/a/samsung_a8_img.png","samsunga8-cover","samsunga8-cover.html","","No layout updates","Product Info Column","","",""," ","Use config","Use config","No","0.0000","","","0.1000","","Enabled","No","Catalog","None",".",".","","","","","","","","","0.0000","0.0000","1","0","0","1","1.0000","1","0.0000","1","0","2016-11-22 03:50:06","","1","0","0","1","1","0.0000","1","0","0","1","1","Samsung A8 Cover","0","simple","","","","","","",""
"admin","","","","","describe-samsunga8-cover","","","","","","","","","","","","","","","","","","","","","","","","","","","","","","","","","","","","","","","","","","","","","","","","","","","","","","","","","","","","","","","","","","","","","/i/p/iph6deflsingle_2_1_1_3_1_1_1_1_1_1_1_1_1_1_1_1_1_1_1_1_1_1_1_1_1_1_1_1_1_1_1_1_1_1.png","","1","0"
"admin","base","Describe","simple","106,127,156","describe-samsunge5-cover","0","Samsung E5 Cover","","","/s/a/samsung_e5_img.png","/s/a/samsung_e5_img.png","/s/a/samsung_e5_img.png","samsunge5-cover","samsunge5-cover.html","","No layout updates","Product Info Column","","",""," ","Use config","Use config","No","0.0000","","","0.1000","","Enabled","No","Catalog","None",".",".","","","","","","","","","0.0000","0.0000","1","0","0","1","1.0000","1","0.0000","1","0","2016-11-22 03:49:52","","1","0","0","1","1","0.0000","1","0","0","1","1","Samsung E5 Cover","0","simple","","","","","","",""
"admin","","","","","describe-samsunge5-cover","","","","","","","","","","","","","","","","","","","","","","","","","","","","","","","","","","","","","","","","","","","","","","","","","","","","","","","","","","","","","","","","","","","","","/i/p/iph6deflsingle_2_1_1_3_1_1_1_1_1_1_1_1_1_1_1_1_1_1_1_1_1_1_1_1_1_1_1_1_1_1_1_1_1_1_1.png","","1","0"
"admin","base","Describe","simple","106,127,156","describe-samsunge7-cover","0","Samsung E7 Cover","","","/s/a/samsung_e7_img.png","/s/a/samsung_e7_img.png","/s/a/samsung_e7_img.png","samsunge7-cover","samsunge7-cover.html","","No layout updates","Product Info Column","","",""," ","Use config","Use config","No","0.0000","","","0.1000","","Enabled","No","Catalog","None",".",".","","","","","","","","","0.0000","0.0000","1","0","0","1","1.0000","1","0.0000","1","0","2016-11-22 03:49:40","","1","0","0","1","1","0.0000","1","0","0","1","1","Samsung E7 Cover","0","simple","","","","","","",""
"admin","","","","","describe-samsunge7-cover","","","","","","","","","","","","","","","","","","","","","","","","","","","","","","","","","","","","","","","","","","","","","","","","","","","","","","","","","","","","","","","","","","","","","/i/p/iph6deflsingle_2_1_1_3_1_1_1_1_1_1_1_1_1_1_1_1_1_1_1_1_1_1_1_1_1_1_1_1_1_1_1_1_1_1_1_1.png","","1","0"
"admin","base","Describe","simple","106,127,156","describe-samsunggalaxynote2-cover","0","Samsung Galaxy Note 2 Cover","","","/s/a/samsung_galaxy_note_2_img.png","/s/a/samsung_galaxy_note_2_img.png","/s/a/samsung_galaxy_note_2_img.png","samsunggalaxynote2-cover","samsunggalaxynote2-cover.html","","No layout updates","Product Info Column","","",""," ","Use config","Use config","No","0.0000","","","0.1000","","Enabled","No","Catalog","None",".",".","","","","","","","","","0.0000","0.0000","1","0","0","1","1.0000","1","0.0000","1","0","2016-11-22 03:49:26","","1","0","0","1","1","0.0000","1","0","0","1","1","Samsung Galaxy Note 2 Cover","0","simple","","","","","","",""
"admin","","","","","describe-samsunggalaxynote2-cover","","","","","","","","","","","","","","","","","","","","","","","","","","","","","","","","","","","","","","","","","","","","","","","","","","","","","","","","","","","","","","","","","","","","","/i/p/iph6deflsingle_2_1_1_3_1_1_1_1_1_1_1_1_1_1_1_1_1_1_1_1_1_1_1_1_1_1_1_1_1_1_1_1_1_1_1_1_1.png","","1","0"
"admin","base","Describe","simple","106,127,156","describe-samsunggalaxygrand2-cover","0","Samsung Galaxy Grand 2 Cover","","","/s/a/samsung_galaxy_grand_2_img.png","/s/a/samsung_galaxy_grand_2_img.png","/s/a/samsung_galaxy_grand_2_img.png","samsunggalaxygrand2-cover","samsunggalaxygrand2-cover.html","","No layout updates","Product Info Column","","",""," ","Use config","Use config","No","0.0000","","","0.1000","","Enabled","No","Catalog","None",".",".","","","","","","","","","0.0000","0.0000","1","0","0","1","1.0000","1","0.0000","1","0","2016-11-22 03:49:12","","1","0","0","1","1","0.0000","1","0","0","1","1","Samsung Galaxy Grand 2 Cover","0","simple","","","","","","",""
"admin","","","","","describe-samsunggalaxygrand2-cover","","","","","","","","","","","","","","","","","","","","","","","","","","","","","","","","","","","","","","","","","","","","","","","","","","","","","","","","","","","","","","","","","","","","","/i/p/iph6deflsingle_2_1_1_3_1_1_1_1_1_1_1_1_1_1_1_1_1_1_1_1_1_1_1_1_1_1_1_1_1_1_1_1_1_1_1_1_1_1.png","","1","0"
"admin","base","Describe","simple","106,127,156","describe-samsunggalaxygrandprime-cover","0","Samsung Galaxy Grand Prime Cover","","","/s/a/samsung_galaxy_grand_prime_img.png","/s/a/samsung_galaxy_grand_prime_img.png","/s/a/samsung_galaxy_grand_prime_img.png","samsunggalaxygrandprime-cover","samsunggalaxygrandprime-cover.html","","No layout updates","Product Info Column","","",""," ","Use config","Use config","No","0.0000","","","0.1000","","Enabled","No","Catalog","None",".",".","","","","","","","","","0.0000","0.0000","1","0","0","1","1.0000","1","0.0000","1","0","2016-11-22 03:48:59","","1","0","0","1","1","0.0000","1","0","0","1","1","Samsung Galaxy Grand Prime Cover","0","simple","","","","","","",""
"admin","","","","","describe-samsunggalaxygrandprime-cover","","","","","","","","","","","","","","","","","","","","","","","","","","","","","","","","","","","","","","","","","","","","","","","","","","","","","","","","","","","","","","","","","","","","","/i/p/iph6deflsingle_2_1_1_3_1_1_1_1_1_1_1_1_1_1_1_1_1_1_1_1_1_1_1_1_1_1_1_1_1_1_1_1_1_1_1_1_1_1_1.png","","1","0"
"admin","base","Describe","simple","106,127,156","describe-samsunggalaxynote5-cover","0","Samsung Galaxy Note 5 Cover","","","/s/a/samsung_galaxy_note_5_img.png","/s/a/samsung_galaxy_note_5_img.png","/s/a/samsung_galaxy_note_5_img.png","samsunggalaxynote5-cover","samsunggalaxynote5-cover.html","","No layout updates","Product Info Column","","",""," ","Use config","Use config","No","0.0000","","","0.1000","","Enabled","No","Catalog","None",".",".","","","","","","","","","0.0000","0.0000","1","0","0","1","1.0000","1","0.0000","1","0","2016-11-22 03:48:47","","1","0","0","1","1","0.0000","1","0","0","1","1","Samsung Galaxy Note 5 Cover","0","simple","","","","","","",""
"admin","","","","","describe-samsunggalaxynote5-cover","","","","","","","","","","","","","","","","","","","","","","","","","","","","","","","","","","","","","","","","","","","","","","","","","","","","","","","","","","","","","","","","","","","","","/i/p/iph6deflsingle_2_1_1_3_1_1_1_1_1_1_1_1_1_1_1_1_1_1_1_1_1_1_1_1_1_1_1_1_1_1_1_1_1_1_1_1_1_1_1_1.png","","1","0"
"admin","base","Describe","simple","106,127,156","describe-samsunggalaxynote3-cover","0","Samsung Galaxy Note 3 Cover","","","/s/a/samsung_galaxy_note3_img.png","/s/a/samsung_galaxy_note3_img.png","/s/a/samsung_galaxy_note3_img.png","samsunggalaxynote3-cover","samsunggalaxynote3-cover.html","","No layout updates","Product Info Column","","",""," ","Use config","Use config","No","0.0000","","","0.1000","","Enabled","No","Catalog","None",".",".","","","","","","","","","0.0000","0.0000","1","0","0","1","1.0000","1","0.0000","1","0","2016-11-22 03:48:32","","1","0","0","1","1","0.0000","1","0","0","1","1","Samsung Galaxy Note 3 Cover","0","simple","","","","","","",""
"admin","","","","","describe-samsunggalaxynote3-cover","","","","","","","","","","","","","","","","","","","","","","","","","","","","","","","","","","","","","","","","","","","","","","","","","","","","","","","","","","","","","","","","","","","","","/i/p/iph6deflsingle_2_1_1_3_1_1_1_1_1_1_1_1_1_1_1_1_1_1_1_1_1_1_1_1_1_1_1_1_1_1_1_1_1_1_1_1_1_1_1_1_1.png","","1","0"
"admin","base","Describe","simple","106,127,156","describe-samsunggalaxynote4-cover","0","Samsung Galaxy Note 4 Cover","","","/s/a/samsung_galaxy_note4_img.png","/s/a/samsung_galaxy_note4_img.png","/s/a/samsung_galaxy_note4_img.png","samsunggalaxynote4-cover","samsunggalaxynote4-cover.html","","No layout updates","Product Info Column","","",""," ","Use config","Use config","No","0.0000","","","0.1000","","Enabled","No","Catalog","None",".",".","","","","","","","","","0.0000","0.0000","1","0","0","1","1.0000","1","0.0000","1","0","2016-11-22 03:48:08","","1","0","0","1","1","0.0000","1","0","0","1","1","Samsung Galaxy Note 4 Cover","0","simple","","","","","","",""
"admin","","","","","describe-samsunggalaxynote4-cover","","","","","","","","","","","","","","","","","","","","","","","","","","","","","","","","","","","","","","","","","","","","","","","","","","","","","","","","","","","","","","","","","","","","","/i/p/iph6deflsingle_2_1_1_3_1_1_1_1_1_1_1_1_1_1_1_1_1_1_1_1_1_1_1_1_1_1_1_1_1_1_1_1_1_1_1_1_1_1_1_1_1_1.png","","1","0"
"admin","base","Describe","simple","106,127,156","describe-samsungj2-cover","0","Samsung J2 Cover","","","/s/a/samsung_j2_img.png","/s/a/samsung_j2_img.png","/s/a/samsung_j2_img.png","samsungj2-cover","samsungj2-cover.html","","No layout updates","Product Info Column","","",""," ","Use config","Use config","No","0.0000","","","0.1000","","Enabled","No","Catalog","None",".",".","","","","","","","","","0.0000","0.0000","1","0","0","1","1.0000","1","0.0000","1","0","2016-11-22 03:47:56","","1","0","0","1","1","0.0000","1","0","0","1","1","Samsung J2 Cover","0","simple","","","","","","",""
"admin","","","","","describe-samsungj2-cover","","","","","","","","","","","","","","","","","","","","","","","","","","","","","","","","","","","","","","","","","","","","","","","","","","","","","","","","","","","","","","","","","","","","","/i/p/iph6deflsingle_2_1_1_3_1_1_1_1_1_1_1_1_1_1_1_1_1_1_1_1_1_1_1_1_1_1_1_1_1_1_1_1_1_1_1_1_1_1_1_1_1_1_1.png","","1","0"
"admin","base","Describe","simple","106,127,156","describe-samsungj52016-cover","0","Samsung J5 2016 Cover","","","/s/a/samsung_j5_2016_img.png","/s/a/samsung_j5_2016_img.png","/s/a/samsung_j5_2016_img.png","samsungj52016-cover","samsungj52016-cover.html","","No layout updates","Product Info Column","","",""," ","Use config","Use config","No","0.0000","","","0.1000","","Enabled","No","Catalog","None",".",".","","","","","","","","","0.0000","0.0000","1","0","0","1","1.0000","1","0.0000","1","0","2016-11-22 03:47:41","","1","0","0","1","1","0.0000","1","0","0","1","1","Samsung J5 2016 Cover","0","simple","","","","","","",""
"admin","","","","","describe-samsungj52016-cover","","","","","","","","","","","","","","","","","","","","","","","","","","","","","","","","","","","","","","","","","","","","","","","","","","","","","","","","","","","","","","","","","","","","","/i/p/iph6deflsingle_2_1_1_3_1_1_1_1_1_1_1_1_1_1_1_1_1_1_1_1_1_1_1_1_1_1_1_1_1_1_1_1_1_1_1_1_1_1_1_1_1_1_1_1.png","","1","0"
"admin","base","Describe","simple","106,127,156","describe-samsungj5-cover","0","Samsung J5 Cover","","","/s/a/samsung_j5_img.png","/s/a/samsung_j5_img.png","/s/a/samsung_j5_img.png","samsungj5-cover","samsungj5-cover.html","","No layout updates","Product Info Column","","",""," ","Use config","Use config","No","0.0000","","","0.1000","","Enabled","No","Catalog","None",".",".","","","","","","","","","0.0000","0.0000","1","0","0","1","1.0000","1","0.0000","1","0","2016-11-22 03:47:17","","1","0","0","1","1","0.0000","1","0","0","1","1","Samsung J5 Cover","0","simple","","","","","","",""
"admin","","","","","describe-samsungj5-cover","","","","","","","","","","","","","","","","","","","","","","","","","","","","","","","","","","","","","","","","","","","","","","","","","","","","","","","","","","","","","","","","","","","","","/i/p/iph6deflsingle_2_1_1_3_1_1_1_1_1_1_1_1_1_1_1_1_1_1_1_1_1_1_1_1_1_1_1_1_1_1_1_1_1_1_1_1_1_1_1_1_1_1_1_1_1.png","","1","0"
"admin","base","Describe","simple","106,127,156","describe-samsungj72017-cover","0","Samsung J7 2016 Cover","","","/s/a/samsung_j7_2016_img.png","/s/a/samsung_j7_2016_img.png","/s/a/samsung_j7_2016_img.png","samsungj72017-cover","samsungj72017-cover.html","","No layout updates","Product Info Column","","",""," ","Use config","Use config","No","0.0000","","","0.1000","","Enabled","No","Catalog","None",".",".","","","","","","","","","0.0000","0.0000","1","0","0","1","1.0000","1","0.0000","1","0","2016-11-22 03:47:05","","1","0","0","1","1","0.0000","1","0","0","1","1","Samsung J7 2016 Cover","0","simple","","","","","","",""
"admin","","","","","describe-samsungj72017-cover","","","","","","","","","","","","","","","","","","","","","","","","","","","","","","","","","","","","","","","","","","","","","","","","","","","","","","","","","","","","","","","","","","","","","/i/p/iph6deflsingle_2_1_1_3_1_1_1_1_1_1_1_1_1_1_1_1_1_1_1_1_1_1_1_1_1_1_1_1_1_1_1_1_1_1_1_1_1_1_1_1_1_1_1_1_1_1.png","","1","0"
"admin","base","Describe","simple","106,127,156","describe-samsungj7-cover","0","Samsung J7 Cover","","","/s/a/samsung_j7_img.png","/s/a/samsung_j7_img.png","/s/a/samsung_j7_img.png","samsungj7-cover","samsungj7-cover.html","","No layout updates","Product Info Column","","",""," ","Use config","Use config","No","0.0000","","","0.1000","","Enabled","No","Catalog","None",".",".","","","","","","","","","0.0000","0.0000","1","0","0","1","1.0000","1","0.0000","1","0","2016-11-22 03:46:52","","1","0","0","1","1","0.0000","1","0","0","1","1","Samsung J7 Cover","0","simple","","","","","","",""
"admin","","","","","describe-samsungj7-cover","","","","","","","","","","","","","","","","","","","","","","","","","","","","","","","","","","","","","","","","","","","","","","","","","","","","","","","","","","","","","","","","","","","","","/i/p/iph6deflsingle_2_1_1_3_1_1_1_1_1_1_1_1_1_1_1_1_1_1_1_1_1_1_1_1_1_1_1_1_1_1_1_1_1_1_1_1_1_1_1_1_1_1_1_1_1_1_1.png","","1","0"
"admin","base","Describe","simple","106,127,156","describe-samsungs3-cover","0","Samsung S3 Cover","","","/s/a/samsung_s3_img.png","/s/a/samsung_s3_img.png","/s/a/samsung_s3_img.png","samsungs3-cover","samsungs3-cover.html","","No layout updates","Product Info Column","","",""," ","Use config","Use config","No","0.0000","","","0.1000","","Enabled","No","Catalog","None",".",".","","","","","","","","","0.0000","0.0000","1","0","0","1","1.0000","1","0.0000","1","0","2016-11-22 03:46:39","","1","0","0","1","1","0.0000","1","0","0","1","1","Samsung S3 Cover","0","simple","","","","","","",""
"admin","","","","","describe-samsungs3-cover","","","","","","","","","","","","","","","","","","","","","","","","","","","","","","","","","","","","","","","","","","","","","","","","","","","","","","","","","","","","","","","","","","","","","/i/p/iph6deflsingle_2_1_1_3_1_1_1_1_1_1_1_1_1_1_1_1_1_1_1_1_1_1_1_1_1_1_1_1_1_1_1_1_1_1_1_1_1_1_1_1_1_1_1_1_1_1_1_1.png","","1","0"
"admin","base","Describe","simple","106,127,156","describe-samsungs6edge-cover","0","Samsung S6 Edge Cover","","","/s/a/samsung_s6_edge_img.png","/s/a/samsung_s6_edge_img.png","/s/a/samsung_s6_edge_img.png","samsungs6edge-cover","samsungs6edge-cover.html","","No layout updates","Product Info Column","","",""," ","Use config","Use config","No","0.0000","","","0.1000","","Enabled","No","Catalog","None",".",".","","","","","","","","","0.0000","0.0000","1","0","0","1","1.0000","1","0.0000","1","0","2016-11-22 03:46:25","","1","0","0","1","1","0.0000","1","0","0","1","1","Samsung S6 Edge Cover","0","simple","","","","","","",""
"admin","","","","","describe-samsungs6edge-cover","","","","","","","","","","","","","","","","","","","","","","","","","","","","","","","","","","","","","","","","","","","","","","","","","","","","","","","","","","","","","","","","","","","","","/i/p/iph6deflsingle_2_1_1_3_1_1_1_1_1_1_1_1_1_1_1_1_1_1_1_1_1_1_1_1_1_1_1_1_1_1_1_1_1_1_1_1_1_1_1_1_1_1_1_1_1_1_1_1_1.png","","1","0"
"admin","base","Describe","simple","106,127,156","describe-samsungs6-cover","0","Samsung S6 Cover","","","/s/a/samsung_s6_img.png","/s/a/samsung_s6_img.png","/s/a/samsung_s6_img.png","samsungs6-cover","samsungs6-cover.html","","No layout updates","Product Info Column","","",""," ","Use config","Use config","No","0.0000","","","0.1000","","Enabled","No","Catalog","None",".",".","","","","","","","","","0.0000","0.0000","1","0","0","1","1.0000","1","0.0000","1","0","2016-11-22 03:46:10","","1","0","0","1","1","0.0000","1","0","0","1","1","Samsung S6 Cover","0","simple","","","","","","",""
"admin","","","","","describe-samsungs6-cover","","","","","","","","","","","","","","","","","","","","","","","","","","","","","","","","","","","","","","","","","","","","","","","","","","","","","","","","","","","","","","","","","","","","","/i/p/iph6deflsingle_2_1_1_3_1_1_1_1_1_1_1_1_1_1_1_1_1_1_1_1_1_1_1_1_1_1_1_1_1_1_1_1_1_1_1_1_1_1_1_1_1_1_1_1_1_1_1_1_1_1.png","","1","0"
"admin","base","Describe","simple","106,127,156","describe-samsungs7edge-cover","0","Samsung S7 Edge Cover","","","/s/a/samsung_s7_edge_img.png","/s/a/samsung_s7_edge_img.png","/s/a/samsung_s7_edge_img.png","samsungs7edge-cover","samsungs7edge-cover.html","","No layout updates","Product Info Column","","",""," ","Use config","Use config","No","0.0000","","","0.1000","","Enabled","No","Catalog","None",".",".","","","","","","","","","0.0000","0.0000","1","0","0","1","1.0000","1","0.0000","1","0","2016-11-22 03:45:58","","1","0","0","1","1","0.0000","1","0","0","1","1","Samsung S7 Edge Cover","0","simple","","","","","","",""
"admin","","","","","describe-samsungs7edge-cover","","","","","","","","","","","","","","","","","","","","","","","","","","","","","","","","","","","","","","","","","","","","","","","","","","","","","","","","","","","","","","","","","","","","","/i/p/iph6deflsingle_2_1_1_3_1_1_1_1_1_1_1_1_1_1_1_1_1_1_1_1_1_1_1_1_1_1_1_1_1_1_1_1_1_1_1_1_1_1_1_1_1_1_1_1_1_1_1_1_1_1_1.png","","1","0"
"admin","base","Describe","simple","106,127,156","describe-Samsung S7 Cover","0","Samsung S7 Cover","","","/s/a/samsung_s7_img_1.png","/s/a/samsung_s7_img_1.png","/s/a/samsung_s7_img_1.png","samsung-s7-cover","samsung-s7-cover.html","","No layout updates","Product Info Column","","",""," ","Use config","Use config","No","0.0000","","","0.1000","","Enabled","No","Catalog","None","Samsung S7 Cover","Samsung S7 Cover","","","","","","","","","0.0000","0.0000","1","0","0","1","1.0000","1","0.0000","1","0","2016-12-15 07:49:04","","1","0","0","1","1","0.0000","1","0","0","1","1","Samsung S7 Cover","0","simple","","","","","","",""
"admin","","","","","describe-Samsung S7 Cover","","","","","","","","","","","","","","","","","","","","","","","","","","","","","","","","","","","","","","","","","","","","","","","","","","","","","","","","","","","","","","","","","","","","","/i/p/iph6deflsingle_2_1_1_3_1_1_1_1_1_1_1_1_1_1_1_1_1_1_1_1_1_1_1_1_1_1_1_1_1_1_1_1_1_1_1_1_1_1_1_1_1_1_1_1_1_1_1_1_1_1_1_1.png","","1","0"
"admin","base","Describe","simple","106,127,156","describe-sonyxperiac3-cover","0","Sony Xperia C3 Cover","","","/s/o/sony_xperia_c3_img.png","/s/o/sony_xperia_c3_img.png","/s/o/sony_xperia_c3_img.png","sonyxperiac3-cover","sonyxperiac3-cover.html","","No layout updates","Product Info Column","","",""," ","Use config","Use config","No","0.0000","","","0.1000","","Enabled","No","Catalog","None",".",".","","","","","","","","","0.0000","0.0000","1","0","0","1","1.0000","1","0.0000","1","0","2016-11-22 03:45:27","","1","0","0","1","1","0.0000","1","0","0","1","1","Sony Xperia C3 Cover","0","simple","","","","","","",""
"admin","","","","","describe-sonyxperiac3-cover","","","","","","","","","","","","","","","","","","","","","","","","","","","","","","","","","","","","","","","","","","","","","","","","","","","","","","","","","","","","","","","","","","","","","/i/p/iph6deflsingle_2_1_1_3_1_1_1_1_1_1_1_1_1_1_1_1_1_1_1_1_1_1_1_1_1_1_1_1_1_1_1_1_1_1_1_1_1_1_1_1_1_1_1_1_1_1_1_1_1_1_1_1_1.png","","1","0"
"admin","base","Describe","simple","106,127,156","describe-sonyxperiam5-cover","0","Sony Xperia M5 Cover","","","/s/o/sony_xperia_m5_img.png","/s/o/sony_xperia_m5_img.png","/s/o/sony_xperia_m5_img.png","sonyxperiam5-cover","sonyxperiam5-cover.html","","No layout updates","Product Info Column","","",""," ","Use config","Use config","No","0.0000","","","0.1000","","Enabled","No","Catalog","None",".",".","","","","","","","","","0.0000","0.0000","1","0","0","1","1.0000","1","0.0000","1","0","2016-11-22 03:45:11","","1","1","0","1","1","0.0000","1","0","0","1","1","Sony Xperia M5 Cover","0","simple","","","","","","",""
"admin","","","","","describe-sonyxperiam5-cover","","","","","","","","","","","","","","","","","","","","","","","","","","","","","","","","","","","","","","","","","","","","","","","","","","","","","","","","","","","","","","","","","","","","","/i/p/iph6deflsingle_2_1_1_3_1_1_1_1_1_1_1_1_1_1_1_1_1_1_1_1_1_1_1_1_1_1_1_1_1_1_1_1_1_1_1_1_1_1_1_1_1_1_1_1_1_1_1_1_1_1_1_1_1_1.png","","1","0"
"admin","base","Describe","simple","106,127,156","describe-sonyxperiaz1-cover","0","Sony Xperia Z1 Cover","","","/s/o/sony_xperia_z1_img.png","/s/o/sony_xperia_z1_img.png","/s/o/sony_xperia_z1_img.png","sonyxperiaz1-cover","sonyxperiaz1-cover.html","","No layout updates","Product Info Column","","",""," ","Use config","Use config","No","0.0000","","","0.1000","","Enabled","No","Catalog","None",".",".","","","","","","","","","0.0000","0.0000","1","0","0","1","1.0000","1","0.0000","1","0","2016-11-22 03:44:56","","1","0","0","1","1","0.0000","1","0","0","1","1","Sony Xperia Z1 Cover","0","simple","","","","","","",""
"admin","","","","","describe-sonyxperiaz1-cover","","","","","","","","","","","","","","","","","","","","","","","","","","","","","","","","","","","","","","","","","","","","","","","","","","","","","","","","","","","","","","","","","","","","","/i/p/iph6deflsingle_2_1_1_3_1_1_1_1_1_1_1_1_1_1_1_1_1_1_1_1_1_1_1_1_1_1_1_1_1_1_1_1_1_1_1_1_1_1_1_1_1_1_1_1_1_1_1_1_1_1_1_1_1_1_1.png","","1","0"
"admin","base","Describe","simple","106,127,156","describe-sonyxperiaz3-cover","0","Sony Xperia Z3 Cover","","","/s/o/sony_xperia_z3_img.png","/s/o/sony_xperia_z3_img.png","/i/p/iph6deflsingle_2_1_1_3_1_1_1_1_1_1_1_1_1_1_1_1_1_1_1_1_1_1_1_1_1_1_1_1_1_1_1_1_1_1_1_1_1_1_1_1_1_1_1_1_1_1_1_1_1_1_1_1_1_1_1_1.png","sonyxperiaz3-cover","sonyxperiaz3-cover.html","","No layout updates","Product Info Column","","",""," ","Use config","Use config","No","0.0000","","","0.1000","","Enabled","No","Catalog","None",".",".","","","","","","","","","0.0000","0.0000","1","0","0","1","1.0000","1","0.0000","1","0","2016-11-22 03:44:41","","1","0","0","1","1","0.0000","1","0","0","1","1","Sony Xperia Z3 Cover","0","simple","","","","","","",""
"admin","base","Describe","simple","106,127,156","describe-xiaomimi4-cover","0","Xiaomi Mi4 Cover","","","/x/i/xiaomi_mi_4_img.png","/x/i/xiaomi_mi_4_img.png","/x/i/xiaomi_mi_4_img.png","xiaomimi4-cover","xiaomimi4-cover.html","","No layout updates","Product Info Column","","",""," ","Use config","Use config","No","0.0000","","","0.1000","","Enabled","No","Catalog","None",".",".","","","","","","","","","0.0000","0.0000","1","0","0","1","1.0000","1","0.0000","1","0","2016-11-22 03:44:27","","1","0","0","1","1","0.0000","1","0","0","1","1","Xiaomi Mi4 Cover","0","simple","","","","","","",""
"admin","","","","","describe-xiaomimi4-cover","","","","","","","","","","","","","","","","","","","","","","","","","","","","","","","","","","","","","","","","","","","","","","","","","","","","","","","","","","","","","","","","","","","","","/i/p/iph6deflsingle_2_1_1_3_1_1_1_1_1_1_1_1_1_1_1_1_1_1_1_1_1_1_1_1_1_1_1_1_1_1_1_1_1_1_1_1_1_1_1_1_1_1_1_1_1_1_1_1_1_1_1_1_1_1_1_1_1.png","","1","0"
"admin","base","Describe","simple","106,127,156","describe-xiaomimi4i-cover","0","Xiaomi Mi4i Cover","","","/x/i/xiaomi_mi4i_img.png","/x/i/xiaomi_mi4i_img.png","/x/i/xiaomi_mi4i_img.png","xiaomimi4i-cover","xiaomimi4i-cover.html","","No layout updates","Product Info Column","","",""," ","Use config","Use config","No","0.0000","","","0.1000","","Enabled","No","Catalog","None",".",".","","","","","","","","","0.0000","0.0000","1","0","0","1","1.0000","1","0.0000","1","0","2016-11-22 03:44:11","","1","0","0","1","1","0.0000","1","0","0","1","1","Xiaomi Mi4i Cover","0","simple","","","","","","",""
"admin","","","","","describe-xiaomimi4i-cover","","","","","","","","","","","","","","","","","","","","","","","","","","","","","","","","","","","","","","","","","","","","","","","","","","","","","","","","","","","","","","","","","","","","","/i/p/iph6deflsingle_2_1_1_3_1_1_1_1_1_1_1_1_1_1_1_1_1_1_1_1_1_1_1_1_1_1_1_1_1_1_1_1_1_1_1_1_1_1_1_1_1_1_1_1_1_1_1_1_1_1_1_1_1_1_1_1_1_1.png","","1","0"
"admin","base","Describe","simple","106,127,156","describe-xiaomiredmi22s-cover","0","Xiaomi Redmi 2-2s Cover","","","/x/i/xiaomi_redmi_2-2s_img.png","/x/i/xiaomi_redmi_2-2s_img.png","/x/i/xiaomi_redmi_2-2s_img.png","xiaomiredmi22s-cover","xiaomiredmi22s-cover.html","","No layout updates","Product Info Column","","",""," ","Use config","Use config","No","0.0000","","","0.1000","","Enabled","No","Catalog","None",".",".","","","","","","","","","0.0000","0.0000","1","0","0","1","1.0000","1","0.0000","1","0","2016-11-22 03:43:56","","1","0","0","1","1","0.0000","1","0","0","1","1","Xiaomi Redmi 2-2s Cover","0","simple","","","","","","",""
"admin","","","","","describe-xiaomiredmi22s-cover","","","","","","","","","","","","","","","","","","","","","","","","","","","","","","","","","","","","","","","","","","","","","","","","","","","","","","","","","","","","","","","","","","","","","/i/p/iph6deflsingle_2_1_1_3_1_1_1_1_1_1_1_1_1_1_1_1_1_1_1_1_1_1_1_1_1_1_1_1_1_1_1_1_1_1_1_1_1_1_1_1_1_1_1_1_1_1_1_1_1_1_1_1_1_1_1_1_1_1_1.png","","1","0"
"admin","base","Describe","simple","106,127,156","describe-xiaomiredminote3-cover","0","Xiaomi Redmi Note 3 Cover","","","/x/i/xiaomi_redmi_note_3_img.png","/x/i/xiaomi_redmi_note_3_img.png","/x/i/xiaomi_redmi_note_3_img.png","xiaomiredminote3-cover","xiaomiredminote3-cover.html","","No layout updates","Product Info Column","","",""," ","Use config","Use config","No","0.0000","","","0.1000","","Enabled","No","Catalog","None",".",".","","","","","","","","","0.0000","0.0000","1","0","0","1","1.0000","1","0.0000","1","0","2016-11-22 03:43:42","","1","0","0","1","1","0.0000","1","0","0","1","1","Xiaomi Redmi Note 3 Cover","0","simple","","","","","","",""
"admin","","","","","describe-xiaomiredminote3-cover","","","","","","","","","","","","","","","","","","","","","","","","","","","","","","","","","","","","","","","","","","","","","","","","","","","","","","","","","","","","","","","","","","","","","/i/p/iph6deflsingle_2_1_1_3_1_1_1_1_1_1_1_1_1_1_1_1_1_1_1_1_1_1_1_1_1_1_1_1_1_1_1_1_1_1_1_1_1_1_1_1_1_1_1_1_1_1_1_1_1_1_1_1_1_1_1_1_1_1_1_1.png","","1","0"
"admin","base","Describe","simple","106,127,156","describe-appleiphone6+-cover","0","Apple iPhone 6+ Cover","","","/a/p/apple_iphone_6_img_1.png","/a/p/apple_iphone_6_img_1.png","/a/p/apple_iphone_6_img_1.png","appleiphone6-cover","appleiphone6-cover.html","","No layout updates","Product Info Column","","",""," ","Use config","Use config","No","0.0000","","","0.1000","","Enabled","No","Catalog","None",".",".","","","","","","","","","0.0000","0.0000","1","0","0","1","1.0000","1","0.0000","1","0","2016-12-20 04:54:13","","1","0","0","1","1","0.0000","1","0","0","1","1","Apple iPhone 6+ Cover","0","simple","","","","","","",""
"admin","","","","","describe-appleiphone6+-cover","","","","","","","","","","","","","","","","","","","","","","","","","","","","","","","","","","","","","","","","","","","","","","","","","","","","","","","","","","","","","","","","","","","","","/i/p/iph6deflsingle_2_1_1_1_1.png","","1","0"
"admin","base","Describe","simple","28,148","Sweatshirt","1","Sweatshirt","","","/s/w/sweatshirt-front.png","/s/w/sweatshirt-front.png","/s/w/sweatshirt-front.png","sweatshirt","sweatshirt.html","","No layout updates","Product Info Column","","",""," ","Use config","Use config","No","300.0000","","","0.0000","","Enabled","No","Catalog","None","Sweatshirt","Sweatshirt","","","","","","","","","0.0000","0.0000","1","0","0","1","1.0000","1","0.0000","1","0","2016-11-24 05:35:22","","1","0","0","1","1","0.0000","1","0","0","1","1","Sweatshirt","0","simple","","","","","","",""
"admin","","","","","Sweatshirt","","","","","","","","","","","","","","","","","","","","","","","","","","","","","","","","","","","","","","","","","","","","","","","","","","","","","","","","","","","","","","","","","","","","","/s/c/screen7_4.jpg","","3","0"
"admin","","","","","Sweatshirt","","","","","","","","","","","","","","","","","","","","","","","","","","","","","","","","","","","","","","","","","","","","","","","","","","","","","","","","","","","","","","","","","","","","","/h/o/hoodie_without_zipper_front_2.png","","4","0"
"admin","base","Describe","simple","28,148","describe-makeover-tshirt","1","Makeover T-Shirt","","","/r/o/round-neck-front_1.png","/r/o/round-neck-front_1.png","/r/o/round-neck-front_1.png","makeover-tshirt","makeover-tshirt.html","","No layout updates","Product Info Column","","",""," ","Use config","Use config","No","300.0000","","","0.0000","","Enabled","No","Catalog","None","Makeover T-Shirt","Makeover T-Shirt","","","","","","","","","0.0000","0.0000","1","0","0","1","1.0000","1","0.0000","1","0","2016-11-29 07:56:17","","1","0","0","1","1","0.0000","1","0","0","1","1","Makeover T-Shirt","0","simple","","","","","","",""
"admin","","","","","describe-makeover-tshirt","","","","","","","","","","","","","","","","","","","","","","","","","","","","","","","","","","","","","","","","","","","","","","","","","","","","","","","","","","","","","","","","","","","","","/s/c/screen7_5.jpg","","3","0"
"admin","base","Describe","simple","107","describe-MetalSipper","0","Metal Sipper","","","/s/i/sipper_wo_text.png","/s/i/sipper_wo_text.png","/s/i/sipper_wo_text.png","metal-sipper","metal-sipper.html","","No layout updates","Product Info Column","","",""," ","Use config","Use config","No","250.0000","","","0.5000","","Enabled","No","Catalog","None","Metal Sipper",".Metal Sipper","","","","","","","","","0.0000","0.0000","1","0","0","1","1.0000","1","0.0000","1","0","2016-11-30 11:48:43","","1","0","0","1","1","0.0000","1","0","0","1","1","Metal Sipper","0","simple","","","","","","",""
"admin","","","","","describe-MetalSipper","","","","","","","","","","","","","","","","","","","","","","","","","","","","","","","","","","","","","","","","","","","","","","","","","","","","","","","","","","","","","","","","","","","","","/c/u/custom-personalized-mugs-simi-valley_1.jpg","","3","0"
"admin","base","Describe","simple","159","describe-visiting-cards","0","Visiting cards","","","/v/i/visiting-card.png","/v/i/visiting-card.png","/v/i/visiting-card.png","visiting-cards","visiting-cards.html","","No layout updates","Product Info Column","","",""," ","Use config","Use config","No","250.0000","","","0.0000","","Enabled","No","Catalog","None","Visiting cards","Visiting cards","","","","","","","","","0.0000","0.0000","1","0","0","1","1.0000","1","0.0000","1","0","2016-12-13 12:28:25","","1","0","0","1","1","0.0000","1","0","0","1","1","Visiting cards","0","simple","","","","","","",""
"admin","base","Describe","simple","160","describe-pillow-cover","0","Pillow Cover","","","/p/i/pillow-v.1.png","/p/i/pillow-v.1.png","/p/i/pillow-v.1.png","pillow-cover","pillow-cover.html","","No layout updates","Product Info Column","","",""," ","Use config","Use config","No","250.0000","","","0.0000","","Enabled","No","Catalog","None","Pillow Cover","Pillow Cover","","","","","","","","","0.0000","0.0000","1","0","0","1","1.0000","1","0.0000","1","0","2016-12-13 12:40:43","","1","0","0","1","1","0.0000","1","0","0","1","1","Pillow Cover","0","simple","","","","","","",""
"admin","base","Describe","simple","160","describe-apron","0","Apron","","","/a/p/apron-v.2.png","/a/p/apron-v.2.png","/a/p/apron-v.2.png","apron","apron.html","","No layout updates","Product Info Column","","",""," ","Use config","Use config","No","250.0000","","","0.0000","","Enabled","No","Catalog","None","Apron","Apron","","","","","","","","","0.0000","0.0000","1","0","0","1","1.0000","1","0.0000","1","0","2016-12-13 12:56:04","","1","0","0","1","1","0.0000","1","0","0","1","1","Apron","0","simple","","","","","","",""
"admin","base","Describe","simple","160","describe-playing-cards","0","Playing Cards","","","/p/l/playing-card-2.png","/p/l/playing-card-2.png","/p/l/playing-card-2.png","playing-cards","playing-cards.html","","No layout updates","Product Info Column","","",""," ","Use config","Use config","No","250.0000","","","0.0000","","Enabled","No","Catalog","None","Playing Cards","Playing Cards","","","","","","","","","0.0000","0.0000","1","0","0","1","1.0000","1","0.0000","1","0","2016-12-20 04:45:44","","1","0","0","1","1","0.0000","1","0","0","1","1","Playing Cards","0","simple","","","","","","",""
"admin","base","Describe","simple","160","describe-badge","0","Badge","","","","","","describe-badge","describe-badge.html","","No layout updates","Product Info Column","","",""," ","Use config","Use config","No","250.0000","","","0.0000","","Enabled","No","Catalog","None","Badge","Badge","","","","","","","","","0.0000","0.0000","1","0","0","1","1.0000","1","0.0000","1","0","2016-12-13 12:56:37","","1","0","0","1","1","0.0000","1","0","0","1","1","Badge","0","simple","","","","","","",""
"admin","base","Describe","simple","106,127,156","describe-appleiphone7-cover","0","Apple iPhone 7 Cover","","","/i/p/iphone_7_phone_1.png","/i/p/iphone_7_phone_1.png","/i/p/iphone_7_phone_1.png","appleiphone7-cover","appleiphone7-cover.html","","No layout updates","Product Info Column","","",""," ","Use config","Use config","No","0.0000","","","0.1000","","Enabled","No","Catalog","None","Apple iPhone 7 Cover","Apple iPhone 7 Cover","","","","","","","","","0.0000","0.0000","1","0","0","1","1.0000","1","0.0000","1","0","2016-12-20 04:53:29","","1","0","0","1","1","0.0000","1","0","0","1","1","Apple iPhone 7 Cover","0","simple","","","","","","",""
"admin","base","Describe","simple","106,127,156","describe-appleiphone7plus-cover","0","Apple iPhone 7plus Cover","","","/i/p/iphone7-plus_phone.png","/i/p/iphone7-plus_phone.png","/i/p/iphone7-plus_phone.png","appleiphone7plus-cover","appleiphone7plus-cover.html","","No layout updates","Product Info Column","","",""," ","Use config","Use config","No","0.0000","","","0.1000","","Enabled","No","Catalog","None","Apple iPhone 7plus Cover","Apple iPhone 7plus Cover","","","","","","","","","0.0000","0.0000","1","0","0","1","1.0000","1","0.0000","1","0","2016-12-20 04:52:49","","1","0","0","1","1","0.0000","1","0","0","1","1","Apple iPhone 7plus Cover","0","simple","","","","","","",""
"admin","base","Describe","simple","106,127,156","describe-coolpadnote3-cover","0","Coolpad Note 3 Cover ","","","/c/o/coolpad-note3-lite_phone.png","/c/o/coolpad-note3-lite_phone.png","/c/o/coolpad-note3-lite_phone.png","coolpadnote3-cover","coolpadnote3-cover.html","","No layout updates","Product Info Column","","",""," ","Use config","Use config","No","0.0000","","","0.1000","","Enabled","No","Catalog","None","Coolpad Note 3 Cover","Coolpad Note 3 Cover","","","","","","","","","0.0000","0.0000","1","0","0","1","1.0000","1","0.0000","1","0","2016-12-15 07:56:18","","1","0","0","1","1","0.0000","1","0","0","1","1","Coolpad Note 3 Cover ","0","simple","","","","","","",""
"admin","base","Describe","simple","106,127,156","describe-googlepixel-cover","0","Google Pixel","","","/g/o/google_pixel.png","/g/o/google_pixel.png","/g/o/google_pixel.png","googlepixel-cover","googlepixel-cover.html","","No layout updates","Product Info Column","","",""," ","Use config","Use config","No","0.0000","","","0.1000","","Enabled","No","Catalog","None","Google Pixel","Google Pixel","","","","","","","","","0.0000","0.0000","1","0","0","1","1.0000","1","0.0000","1","0","2016-12-15 07:57:56","","1","0","0","1","1","0.0000","1","0","0","1","1","Google Pixel","0","simple","","","","","","",""
"admin","base","Describe","simple","106,127,156","describe-LeEcoLe2-cover","0","LeEco Le 2 Cover","","","/l/e/leeco-le-2_phone.png","/l/e/leeco-le-2_phone.png","/l/e/leeco-le-2_phone.png","leecole2-cover","leecole2-cover.html","","No layout updates","Product Info Column","","",""," ","Use config","Use config","No","0.0000","","","0.1000","","Enabled","No","Catalog","None","LeEco Le 2 Cover","LeEco Le 2 Cover","","","","","","","","","0.0000","0.0000","1","0","0","1","1.0000","1","0.0000","1","0","2016-12-15 08:01:01","","1","0","0","1","1","0.0000","1","0","0","1","1","LeEco Le 2 Cover","0","simple","","","","","","",""
"admin","base","Describe","simple","106,127,156","describe-LeEcoLeMax2-cover","0","LeEco Le Max 2 Cover","","","/l/e/leeco-le-max2_phone.png","/l/e/leeco-le-max2_phone.png","/l/e/leeco-le-max2_phone.png","leecolemax2-cover","leecolemax2-cover.html","","No layout updates","Product Info Column","","",""," ","Use config","Use config","No","0.0000","","","0.1000","","Enabled","No","Catalog","None","LeEco Le Max 2 Cover","LeEco Le Max 2 Cover","","","","","","","","","0.0000","0.0000","1","0","0","1","1.0000","1","0.0000","1","0","2016-12-15 08:03:02","","1","0","0","1","1","0.0000","1","0","0","1","1","LeEco Le Max 2 Cover","0","simple","","","","","","",""
"admin","base","Describe","simple","106,127,156","describe-MotoG4Plus-cover","0","Moto G4 Plus Cover","","","/m/o/moto-g4-plus_phone.png","/m/o/moto-g4-plus_phone.png","/m/o/moto-g4-plus_phone.png","motog4plus-cover","motog4plus-cover.html","","No layout updates","Product Info Column","","",""," ","Use config","Use config","No","0.0000","","","0.1000","","Enabled","No","Catalog","None","Moto G4 Plus Cover","Moto G4 Plus Cover","","","","","","","","","0.0000","0.0000","1","0","0","1","1.0000","1","0.0000","1","0","2016-12-15 08:05:45","","1","0","0","1","1","0.0000","1","0","0","1","1","Moto G4 Plus Cover","0","simple","","","","","","",""
"admin","base","Describe","simple","106,127,156","describe-OppoA37-cover","0","Oppo A37 Cover","","","/o/p/oppo-a37_phone.png","/o/p/oppo-a37_phone.png","/o/p/oppo-a37_phone.png","oppoa37-cover","oppoa37-cover.html","","No layout updates","Product Info Column","","",""," ","Use config","Use config","No","0.0000","","","0.1000","","Enabled","No","Catalog","None","Oppo A37 Cover","Oppo A37 Cover","","","","","","","","","0.0000","0.0000","1","0","0","1","1.0000","1","0.0000","1","0","2016-12-15 08:10:39","","1","0","0","1","1","0.0000","1","0","0","1","1","Oppo A37 Cover","0","simple","","","","","","",""
"admin","base","Describe","simple","106,127,156","describe-OppoF1-cover","0","Oppo F1 Cover","","","/o/p/oppo-f1_phone.png","/o/p/oppo-f1_phone.png","/o/p/oppo-f1_phone.png","oppof1-cover","oppof1-cover.html","","No layout updates","Product Info Column","","",""," ","Use config","Use config","No","0.0000","","","0.1000","","Enabled","No","Catalog","None","Oppo F1 Cover","Oppo F1 Cover","","","","","","","","","0.0000","0.0000","1","0","0","1","1.0000","1","0.0000","1","0","2016-12-15 08:10:19","","1","0","0","1","1","0.0000","1","0","0","1","1","Oppo F1 Cover","0","simple","","","","","","",""
"admin","base","Describe","simple","106,127,156","describe-OppoF1plus-cover","0","Oppo F1 plus Cover","","","/o/p/oppo-f1-plus_phone.png","/o/p/oppo-f1-plus_phone.png","/o/p/oppo-f1-plus_phone.png","oppof1plus-cover","oppof1plus-cover.html","","No layout updates","Product Info Column","","",""," ","Use config","Use config","No","0.0000","","","0.1000","","Enabled","No","Catalog","None","Oppo F1 plus Cover","Oppo F1 plus Cover","","","","","","","","","0.0000","0.0000","1","0","0","1","1.0000","1","0.0000","1","0","2016-12-15 08:12:40","","1","0","0","1","1","0.0000","1","0","0","1","1","Oppo F1 plus Cover","0","simple","","","","","","",""
"admin","base","Describe","simple","106,127,156","describe-OppoF1S-cover","0","Oppo F1S Cover","","","/o/p/oppo-f1s_phone.png","/o/p/oppo-f1s_phone.png","/o/p/oppo-f1s_phone.png","oppof1s-cover","oppof1s-cover.html","","No layout updates","Product Info Column","","",""," ","Use config","Use config","No","0.0000","","","0.1000","","Enabled","No","Catalog","None","Oppo F1S Cover","Oppo F1S Cover","","","","","","","","","0.0000","0.0000","1","0","0","1","1.0000","1","0.0000","1","0","2016-12-15 08:15:21","","1","0","0","1","1","0.0000","1","0","0","1","1","Oppo F1S Cover","0","simple","","","","","","",""
"admin","base","Describe","simple","106,127,156","describe-OppoNeo7-cover","0","Oppo Neo 7 Cover","","","/o/p/oppo_neo_7_phone.png","/o/p/oppo_neo_7_phone.png","/o/p/oppo_neo_7_phone.png","opponeo7-cover","opponeo7-cover.html","","No layout updates","Product Info Column","","",""," ","Use config","Use config","No","0.0000","","","0.1000","","Enabled","No","Catalog","None","Oppo Neo 7 Cover","Oppo Neo 7 Cover","","","","","","","","","0.0000","0.0000","1","0","0","1","1.0000","1","0.0000","1","0","2016-12-15 08:17:17","","1","0","0","1","1","0.0000","1","0","0","1","1","Oppo Neo 7 Cover","0","simple","","","","","","",""
"admin","base","Describe","simple","106,127,156","describe-SamsungS4-cover","0","Samsung S4 Cover","","","/s/a/samsung_s4_phone.png","/s/a/samsung_s4_phone.png","/s/a/samsung_s4_phone.png","samsungs4-cover","samsungs4-cover.html","","No layout updates","Product Info Column","","",""," ","Use config","Use config","No","0.0000","","","0.1000","","Enabled","No","Catalog","None","Samsung S4 Cover","Samsung S4 Cover","","","","","","","","","0.0000","0.0000","1","0","0","1","1.0000","1","0.0000","1","0","2016-12-15 08:19:39","","1","0","0","1","1","0.0000","1","0","0","1","1","Samsung S4 Cover","0","simple","","","","","","",""
"admin","base","Describe","simple","106,127,156","describe-VivoV3-cover","0","Vivo V3 Cover","","","","","","vivov3-cover","vivov3-cover.html","","No layout updates","Product Info Column","","",""," ","Use config","Use config","No","0.0000","","","0.1000","","Enabled","No","Catalog","None","Vivo V3 Cover","Vivo V3 Cover","","","","","","","","","0.0000","0.0000","1","0","0","1","1.0000","1","0.0000","1","0","2016-12-15 08:21:16","","1","0","0","1","1","0.0000","1","0","0","1","1","Vivo V3 Cover","0","simple","","","","","","",""
"admin","","","","","describe-VivoV3-cover","","","","","","","","","","","","","","","","","","","","","","","","","","","","","","","","","","","","","","","","","","","","","","","","","","","","","","","","","","","","","","","","","","","","","/v/i/vivo-v3max_phone.png","","18","0"
"admin","base","Describe","simple","106,127,156","describe-XiaomiRedmi3sprime-cover","0","Xiaomi Redmi 3s prime Cover","","","/x/i/xiaomi-redmi-3s-prime_phone.png","/x/i/xiaomi-redmi-3s-prime_phone.png","/x/i/xiaomi-redmi-3s-prime_phone.png","xiaomiredmi3sprime-cover","xiaomiredmi3sprime-cover.html","","No layout updates","Product Info Column","","",""," ","Use config","Use config","No","0.0000","","","0.1000","","Enabled","No","Catalog","None","Xiaomi Redmi 3s prime Cover","Xiaomi Redmi 3s prime Cover","","","","","","","","","0.0000","0.0000","1","0","0","1","1.0000","1","0.0000","1","0","2016-12-15 08:23:14","","1","0","0","1","1","0.0000","1","0","0","1","1","Xiaomi Redmi 3s prime Cover","0","simple","","","","","","",""
